{"layer_id":53123,"title":"Bicycle Network","output_geodatabase":"Assets_PDOT","feature_dataset_name":"Stand-Alone","item_name":"bicycle_network_pdx","category_id":50031,"bureau_id":17,"steward_contact_id":50158,"common_id":50010,"db_type_id":50003,"originator":"City of Portland","resource_url":"","abstract":"This linear feature class contains the citywide network of the following bicycle facility types: bicycle boulevards, bike lanes, multi-use trails and signed connections. A status field indicates if the network feature is active, planned or recommended. Other attribution includes segment name (location description), project ID, year built and some pavement marking information.","purpose":"","supplemental_information":"","last_update_date":"2011-12-02 16:16:00.0","source_last_update_date":"1900-01-01 00:00:00.0","maint_update_frequency":"Continually","extent":"Clackamas County, Multnomah County, and Washington County, Oregon","data_type":"Vector","shape_type":"Polyline","feature_count":6772,"raster_object_type":"Grid cell","row_count":0,"column_count":0,"coordinate_resolution":"","theme_keyword":"Bike Network","place_keyword":"Portland, Multnomah County, Washington County, Clackamas County, Oregon","horizontal_pos_acc_link":"Streets","ext_flag":"E","publication_date":"2000-01-01 00:00:00.0","access_constraints":"None","use_constraints":"These data are distributed uner the terms of the City of Portland Data Distribution Policy.","progress":"Complete                                ","north_bounding_coordinate":46.08065859    ,"south_bounding_coordinate":44.85462409    ,"east_bounding_coordinate":-121.65053671  ,"west_bounding_coordinate":-123.47121656  ,"horizontal_pos_accuracy":"","theme_keyword_thesaurus":"None                                    ","place_keyword_thesaurus":"None                                    ","source_dataset_type":"Personal Geodatabase","file_path":"","source_server_name":"","source_instance":"","source_database_name":"","source_feature_dataset_name":"","source_feature_class_name":"","source_user_name":"","source_password":"","approved":1,"rank":"","added_by":1,"added_date":"2015-01-22 14:33:00.0","modified_by":1,"modified_date":"2015-01-22 14:33:00.0","ver":1,"category":"Transportation - Streets","grid_coord_system_name":"State plane coordinate system 1983(91).","planar_distance_units":"International feet       ","horizontal_datum_name":"North American Datum of 1983/1991 (HPGN)","distribution_liability":"The information in this file was derived from digital databases on the City of Portland GIS.  Care was taken in the creation of this file. The City cannot accept any responsibility for errors, omissions, or positional accuracy. There are no warranties, expressed or implied.","format_name":"Shapefile or File Geodatabase Feature Class - Data will be provided via City of Portland FTP Site.","online_network_resource_name":"http://CivicApps.org","online_access_instructions":"City of Portland Public/Open Data is distributed via the CivicApps Site&nbsp; <a href=\"http://CivicApps.org.\" rel=\"nofollow\" target=\"_blank\">http://CivicApps.org.</a> Data not available on the CivicApps site can be requested by contacting the City of Portland CGIS Group - <a rel=\"nofollow\" target=\"_blank\">maps@portlandoregon.gov</a>","offline_media":"","offline_recording_format":"","transfer_size":"varies","spcs_zone_identifier":5076,"steward_contact_name":"Roger Geller","steward_contact_phone":"503-823-7671","steward_contact_fax":"","steward_contact_email":"Roger.Geller@portlandoregon.gov","steward_contact_organization":"City of Portland - PBOT","steward_contact_address":"1120 SW 5th Ave., Suite 800","steward_contact_city":"Portland","steward_contact_state":"OR","steward_contact_zipcode":97204,"steward_org_phone":"503-823-5185","steward_org_fax":"","steward_org_email":"PBOTCommunications@portlandoregon.gov","db_type":"SDE","bureau":"Bureau of Transportation","bureau_desc":"PBOT","contacts":[{"layer_contact_xref_id":626,"layer_id":53123,"contact_id":50158,"added_by":"","added_date":"","modified_by":"","modified_date":"","ver":"","contact_name":"Roger Geller","contact_phone":"503-823-7671","contact_fax":"","contact_email":"Roger.Geller@portlandoregon.gov","contact_organization":"City of Portland - PBOT","contact_address":"1120 SW 5th Ave., Suite 800","contact_city":"Portland","contact_state":"OR","contact_zipcode":97204,"org_phone":"503-823-5185","org_fax":"","org_email":"PBOTCommunications@portlandoregon.gov"}],"lineage":[],"files":[{"file_id":123,"file_name":"53123.png","file_type":"image/png","file_desc":"","file_size":264687,"sort":"","emptybottomsort":1,"file_url":"http://dev.portlandmaps.com/metadata/index.cfm?action=DisplayFile&FileID=123"}],"tables":[{"layer_table_xref_id":1067,"layer_id":53123,"table_id":52976,"added_by":"","added_date":"","modified_by":"","modified_date":"","ver":1,"table_name":"bicycle_network_pdx","table_desc":"","table_jurisdiction":"","columns":[{"column_id":160229,"table_id":52976,"column_name":"ModifiedBy","column_alias":"","column_desc":"","column_length":30,"column_type_id":1,"sort":1,"added_by":"","added_date":"","modified_by":"","modified_date":"","ver":1,"column_type":"String","emptybottomsort":0},{"column_id":160230,"table_id":52976,"column_name":"ModifiedOn","column_alias":"","column_desc":"","column_length":36,"column_type_id":4,"sort":1,"added_by":"","added_date":"","modified_by":"","modified_date":"","ver":1,"column_type":"Date","emptybottomsort":0},{"column_id":160231,"table_id":52976,"column_name":"ModifiedUsing","column_alias":"","column_desc":"","column_length":30,"column_type_id":1,"sort":1,"added_by":"","added_date":"","modified_by":"","modified_date":"","ver":1,"column_type":"String","emptybottomsort":0},{"column_id":160232,"table_id":52976,"column_name":"Comments","column_alias":"","column_desc":"","column_length":255,"column_type_id":1,"sort":1,"added_by":"","added_date":"","modified_by":"","modified_date":"","ver":1,"column_type":"String","emptybottomsort":0},{"column_id":160233,"table_id":52976,"column_name":"TranPlanID","column_alias":"","column_desc":"","column_length":15,"column_type_id":1,"sort":1,"added_by":"","added_date":"","modified_by":"","modified_date":"","ver":1,"column_type":"String","emptybottomsort":0},{"column_id":160234,"table_id":52976,"column_name":"SegmentName","column_alias":"","column_desc":"","column_length":50,"column_type_id":1,"sort":1,"added_by":"","added_date":"","modified_by":"","modified_date":"","ver":1,"column_type":"String","emptybottomsort":0},{"column_id":160235,"table_id":52976,"column_name":"Status","column_alias":"","column_desc":"","column_length":15,"column_type_id":1,"sort":1,"added_by":"","added_date":"","modified_by":"","modified_date":"","ver":1,"column_type":"String","emptybottomsort":0},{"column_id":160236,"table_id":52976,"column_name":"Facility","column_alias":"","column_desc":"","column_length":8,"column_type_id":1,"sort":1,"added_by":"","added_date":"","modified_by":"","modified_date":"","ver":1,"column_type":"String","emptybottomsort":0},{"column_id":160237,"table_id":52976,"column_name":"FacilityDescription","column_alias":"","column_desc":"","column_length":50,"column_type_id":1,"sort":1,"added_by":"","added_date":"","modified_by":"","modified_date":"","ver":1,"column_type":"String","emptybottomsort":0},{"column_id":160238,"table_id":52976,"column_name":"ProjectID","column_alias":"","column_desc":"","column_length":15,"column_type_id":1,"sort":1,"added_by":"","added_date":"","modified_by":"","modified_date":"","ver":1,"column_type":"String","emptybottomsort":0},{"column_id":160239,"table_id":52976,"column_name":"YearBuilt","column_alias":"","column_desc":"","column_length":4,"column_type_id":3,"sort":1,"added_by":"","added_date":"","modified_by":"","modified_date":"","ver":1,"column_type":"Integer","emptybottomsort":0},{"column_id":160240,"table_id":52976,"column_name":"Num8inLines","column_alias":"","column_desc":"","column_length":4,"column_type_id":3,"sort":1,"added_by":"","added_date":"","modified_by":"","modified_date":"","ver":1,"column_type":"Integer","emptybottomsort":0},{"column_id":160241,"table_id":52976,"column_name":"Material8in","column_alias":"","column_desc":"","column_length":3,"column_type_id":1,"sort":1,"added_by":"","added_date":"","modified_by":"","modified_date":"","ver":1,"column_type":"String","emptybottomsort":0},{"column_id":160242,"table_id":52976,"column_name":"Num4inLines","column_alias":"","column_desc":"","column_length":4,"column_type_id":3,"sort":1,"added_by":"","added_date":"","modified_by":"","modified_date":"","ver":1,"column_type":"Integer","emptybottomsort":0},{"column_id":160243,"table_id":52976,"column_name":"Material4in","column_alias":"","column_desc":"","column_length":3,"column_type_id":1,"sort":1,"added_by":"","added_date":"","modified_by":"","modified_date":"","ver":1,"column_type":"String","emptybottomsort":0},{"column_id":160887,"table_id":52976,"column_name":"Length","column_alias":"","column_desc":"","column_length":8,"column_type_id":2,"sort":1,"added_by":"","added_date":"","modified_by":"","modified_date":"","ver":1,"column_type":"Numeric","emptybottomsort":0}]}]}
